{
  "1": {
    "x": -0.8,
    "y": -0.4,
    "z": 0
  },
  "2": {
    "x": -0.5,
    "y": -0.4,
    "z": 0
  },
  "3": {
    "x": 0,
    "y": -0.4,
    "z": 0
  },
  "4": {
    "x": 0.5,
    "y": -0.4,
    "z": 0
  },
  "5": {
    "x": 0.8,
    "y": -0.4,
    "z": 0
  },
  "6": {
    "x": -0.8,
    "y": -0.8,
    "z": 0
  },
  "7": {
    "x": -0.3,
    "y": -0.8,
    "z": 0
  },
  "8": {
    "x": 0,
    "y": -0.8,
    "z": 0
  },
  "9": {
    "x": 0.3,
    "y": -0.8,
    "z": 0
  },
  "10": {
    "x": 0.8,
    "y": -0.8,
    "z": 0
  }
}
