{
  "2": {
    "x": -0.58,
    "y": -0.96,
    "z": 0.0
  },
  "3": {
    "x": 0.41,
    "y": -0.39,
    "z": 0.0
  },
  "4": {
    "x": 0.56,
    "y": -0.94,
    "z": 0.0
  },
  "5": {
    "x": -0.35,
    "y": -0.59,
    "z": 0.0
  },
  "6": {
    "x": 0.37,
    "y": -0.61,
    "z": 0.0
  },
  "7": {
    "x": -0.66,
    "y": -0.65,
    "z": 0.0
  },
  "8": {
    "x": -0.01,
    "y": -0.59,
    "z": 0.0
  },
  "24": {
    "x": -0.81,
    "y": -0.03,
    "z": 0.0
  },
  "25": {
    "x": -0.76,
    "y": -0.32,
    "z": 0.0
  },
  "26": {
    "x": 0.72,
    "y": -0.13,
    "z": 0.0
  },
  "29": {
    "x": -0.79,
    "y": -0.17,
    "z": 0.0
  },
  "30": {
    "x": 0.0,
    "y": -0.3,
    "z": 0.0
  },
  "31": {
    "x": 0.49,
    "y": -0.2,
    "z": 0.0
  },
  "16": {
    "x": 0.25,
    "y": 0.31,
    "z": 0.0
  },
  "17": {
    "x": -0.49,
    "y": 0.62,
    "z": 0.0
  },
  "18": {
    "x": -0.01,
    "y": 0.34,
    "z": 0.0
  },
  "19": {
    "x": 0.96,
    "y": -0.02,
    "z": 0.0
  },
  "20": {
    "x": -0.89,
    "y": 0.37,
    "z": 0.0
  },
  "21": {
    "x": 0.81,
    "y": 0.66,
    "z": 0.0
  },
  "14": {
    "x": -0.35,
    "y": 0.59,
    "z": 0.0
  },
  "15": {
    "x": 0.16,
    "y": 0.83,
    "z": 0.0
  },
  "46": {
    "x": 0.79,
    "y": 0.8,
    "z": 0.0
  },
  "37": {
    "x": -0.01,
    "y": -0.96,
    "z": 0.0
  },
  "9": {
    "x": -0.58,
    "y": 0.97,
    "z": 0.0
  },
  "27": {
    "x": 0.16,
    "y": -0.15,
    "z": 0.0
  },
  "130": {
    "x": 0.6,
    "y": 0.04,
    "z": 0.0
  },
  "36": {
    "x": -0.39,
    "y": 0.16,
    "z": 0.0
  },
  "38": {
    "x": -0.02,
    "y": 0.87,
    "z": 0.0
  },
  "40": {
    "x": 0.34,
    "y": 0.85,
    "z": 0.0
  },
  "41": {
    "x": -0.33,
    "y": -0.32,
    "z": 0.0
  },
  "55": {
    "x": 0.76,
    "y": 0.96,
    "z": 0.0
  },
  "56": {
    "x": 0.67,
    "y": 0.28,
    "z": 0.0
  }
}
